[{"model":"members.region","pk":1,"fields":{"region_name":"北部"}},{"model":"members.region","pk":2,"fields":{"region_name":"中部"}},{"model":"members.region","pk":3,"fields":{"region_name":"南部"}},{"model":"members.region","pk":4,"fields":{"region_name":"東部"}},{"model":"members.region","pk":5,"fields":{"region_name":"離島"}},{"model":"members.site","pk":1,"fields":{"site_name":"台北","region":1}},{"model":"members.site","pk":2,"fields":{"site_name":"新北","region":1}},{"model":"members.site","pk":3,"fields":{"site_name":"基隆","region":1}},{"model":"members.site","pk":4,"fields":{"site_name":"桃園","region":1}},{"model":"members.site","pk":5,"fields":{"site_name":"新竹","region":1}},{"model":"members.site","pk":6,"fields":{"site_name":"苗栗","region":2}},{"model":"members.site","pk":7,"fields":{"site_name":"台中","region":2}},{"model":"members.site","pk":8,"fields":{"site_name":"彰化","region":2}},{"model":"members.site","pk":9,"fields":{"site_name":"南投","region":2}},{"model":"members.site","pk":10,"fields":{"site_name":"雲林","region":2}},{"model":"members.site","pk":11,"fields":{"site_name":"嘉義","region":3}},{"model":"members.site","pk":12,"fields":{"site_name":"台南","region":3}},{"model":"members.site","pk":13,"fields":{"site_name":"高雄","region":3}},{"model":"members.site","pk":14,"fields":{"site_name":"屏東","region":3}},{"model":"members.site","pk":15,"fields":{"site_name":"宜蘭","region":4}},{"model":"members.site","pk":16,"fields":{"site_name":"花蓮","region":4}},{"model":"members.site","pk":17,"fields":{"site_name":"台東","region":4}},{"model":"members.site","pk":18,"fields":{"site_name":"小琉球","region":5}},{"model":"members.site","pk":19,"fields":{"site_name":"蘭嶼","region":5}},{"model":"members.site","pk":20,"fields":{"site_name":"綠島","region":5}},{"model":"members.site","pk":21,"fields":{"site_name":"澎湖","region":5}},{"model":"members.site","pk":22,"fields":{"site_name":"金門","region":5}},{"model":"members.site","pk":23,"fields":{"site_name":"馬祖","region":5}},{"model":"members.company","pk":1,"fields":{"company_name":"雄獅旅遊"}},{"model":"members.company","pk":2,"fields":{"company_name":"五福旅遊"}},{"model":"members.company","pk":3,"fields":{"company_name":"東南旅遊"}},{"model":"members.company","pk":4,"fields":{"company_name":"易遊網"}},{"model":"members.company","pk":5,"fields":{"company_name":"nan"}},{"model":"members.attraction","pk":1,"fields":{"attraction_name":"文武廟"}},{"model":"members.attraction","pk":2,"fields":{"attraction_name":"東湧燈塔(東引燈塔)"}},{"model":"members.attraction","pk":3,"fields":{"attraction_name":"高粱掃帚DIY"}},{"model":"members.attraction","pk":4,"fields":{"attraction_name":"文化夜市"}},{"model":"members.attraction","pk":5,"fields":{"attraction_name":"太平山"}},{"model":"members.attraction","pk":6,"fields":{"attraction_name":"關山米國學校"}},{"model":"members.attraction","pk":7,"fields":{"attraction_name":"陰陽海"}},{"model":"members.attraction","pk":8,"fields":{"attraction_name":"漁翁島燈塔【西嶼燈塔】"}},{"model":"members.attraction","pk":9,"fields":{"attraction_name":"*[台東知本]天山農場"}},{"model":"members.attraction","pk":10,"fields":{"attraction_name":"台灣文學館"}},{"model":"members.attraction","pk":11,"fields":{"attraction_name":"老鍋休閒農場"}},{"model":"members.attraction","pk":12,"fields":{"attraction_name":"天仁茶文化館"}},{"model":"members.attraction","pk":13,"fields":{"attraction_name":"大里遊客中心"}},{"model":"members.attraction","pk":14,"fields":{"attraction_name":"車埕小鎮"}},{"model":"members.attraction","pk":15,"fields":{"attraction_name":"七星潭"}},{"model":"members.attraction","pk":16,"fields":{"attraction_name":"嘉義舊監獄"}},{"model":"members.attraction","pk":17,"fields":{"attraction_name":"大雪山國家森林遊樂區"}},{"model":"members.attraction","pk":18,"fields":{"attraction_name":"林內落羽松秘境"}},{"model":"members.attraction","pk":19,"fields":{"attraction_name":"大甲鎮瀾宮商圈"}},{"model":"members.attraction","pk":20,"fields":{"attraction_name":"雲山水"}},{"model":"members.attraction","pk":21,"fields":{"attraction_name":"司馬庫斯神木群步道"}},{"model":"members.attraction","pk":22,"fields":{"attraction_name":"台南測侯所"}},{"model":"members.attraction","pk":23,"fields":{"attraction_name":"尚義環保公園"}},{"model":"members.attraction","pk":24,"fields":{"attraction_name":"集集火車站"}},{"model":"members.attraction","pk":25,"fields":{"attraction_name":"池西岩瀑"}},{"model":"members.attraction","pk":26,"fields":{"attraction_name":"二萬平車站"}},{"model":"members.attraction","pk":27,"fields":{"attraction_name":"勝興車站"}},{"model":"members.attraction","pk":28,"fields":{"attraction_name":"知本森林景觀步道"}},{"model":"members.attraction","pk":29,"fields":{"attraction_name":"篤行十村眷村文化園區"}},{"model":"members.attraction","pk":30,"fields":{"attraction_name":"三塊厝車站"}},{"model":"members.attraction","pk":31,"fields":{"attraction_name":"安通溫泉"}},{"model":"members.attraction","pk":32,"fields":{"attraction_name":"南橫"}},{"model":"members.attraction","pk":33,"fields":{"attraction_name":"阿里山森鐵"}},{"model":"members.attraction","pk":34,"fields":{"attraction_name":"枋寮火車站"}},{"model":"members.attraction","pk":35,"fields":{"attraction_name":"板陶窯"}},{"model":"members.attraction","pk":36,"fields":{"attraction_name":"泰雅故事公園"}},{"model":"members.attraction","pk":37,"fields":{"attraction_name":"圓山東密道導覽文化之旅"}},{"model":"members.attraction","pk":38,"fields":{"attraction_name":"四八高地曼波休閒園區"}},{"model":"members.attraction","pk":39,"fields":{"attraction_name":"來來柑橘果園"}},{"model":"members.attraction","pk":40,"fields":{"attraction_name":"臺南山上花園水道博物館"}},{"model":"members.attraction","pk":41,"fields":{"attraction_name":"烏來瀑布"}},{"model":"members.attraction","pk":42,"fields":{"attraction_name":"太魯閣牌樓"}},{"model":"members.attraction","pk":43,"fields":{"attraction_name":"鵝鑾鼻"}},{"model":"members.attraction","pk":44,"fields":{"attraction_name":"天壇"}},{"model":"members.attraction","pk":45,"fields":{"attraction_name":"微笑天梯"}},{"model":"members.attraction","pk":46,"fields":{"attraction_name":"武陵農場門票"}},{"model":"members.attraction","pk":47,"fields":{"attraction_name":"礁溪"}},{"model":"members.attraction","pk":48,"fields":{"attraction_name":"客城鐵橋"}},{"model":"members.attraction","pk":49,"fields":{"attraction_name":"光復吉利潭"}},{"model":"members.attraction","pk":50,"fields":{"attraction_name":"澎湖縣水產種苗繁殖場"}},{"model":"members.attraction","pk":51,"fields":{"attraction_name":"後龍好望角"}},{"model":"members.attraction","pk":52,"fields":{"attraction_name":"苑裡火車站"}},{"model":"members.attraction","pk":53,"fields":{"attraction_name":"玻璃媽祖廟"}},{"model":"members.attraction","pk":54,"fields":{"attraction_name":"邱良功母節孝坊"}},{"model":"members.attraction","pk":55,"fields":{"attraction_name":"一中街商圈"}},{"model":"members.attraction","pk":56,"fields":{"attraction_name":"八角樓"}},{"model":"members.attraction","pk":57,"fields":{"attraction_name":"紫蝶幽谷"}},{"model":"members.attraction","pk":58,"fields":{"attraction_name":"知本國家森林遊樂區"}},{"model":"members.attraction","pk":59,"fields":{"attraction_name":"鎮西堡"}},{"model":"members.attraction","pk":60,"fields":{"attraction_name":"太麻里金針山"}},{"model":"members.attraction","pk":61,"fields":{"attraction_name":"安平老街"}},{"model":"members.attraction","pk":62,"fields":{"attraction_name":"兆豐休閒農場"}},{"model":"members.attraction","pk":63,"fields":{"attraction_name":"信義鄉農會梅子夢工廠(酒莊)"}},{"model":"members.attraction","pk":64,"fields":{"attraction_name":"桃園神社昭和拾參園區"}},{"model":"members.attraction","pk":65,"fields":{"attraction_name":"福正聚落"}},{"model":"members.attraction","pk":66,"fields":{"attraction_name":"上帝的部落‧司馬庫斯"}},{"model":"members.attraction","pk":67,"fields":{"attraction_name":"安平古堡"}},{"model":"members.attraction","pk":68,"fields":{"attraction_name":"大目降文化園區"}},{"model":"members.attraction","pk":69,"fields":{"attraction_name":"北回歸線標誌公園"}},{"model":"members.attraction","pk":70,"fields":{"attraction_name":"*[台東 池上]阿裕果園"}},{"model":"members.attraction","pk":71,"fields":{"attraction_name":"屏東農業生物科技園區-亞太水族中心"}},{"model":"members.attraction","pk":72,"fields":{"attraction_name":"奧萬大森林遊樂區"}},{"model":"members.attraction","pk":73,"fields":{"attraction_name":"梅問屋梅子元氣館"}},{"model":"members.attraction","pk":74,"fields":{"attraction_name":"象山"}},{"model":"members.attraction","pk":75,"fields":{"attraction_name":"十九公頃青青草原"}},{"model":"members.attraction","pk":76,"fields":{"attraction_name":"野柳"}},{"model":"members.attraction","pk":77,"fields":{"attraction_name":"霞喀羅古道"}},{"model":"members.attraction","pk":78,"fields":{"attraction_name":"垂坤食品"}},{"model":"members.attraction","pk":79,"fields":{"attraction_name":"造橋火車站"}},{"model":"members.attraction","pk":80,"fields":{"attraction_name":"新瓦屋客家文化保存區"}},{"model":"members.attraction","pk":81,"fields":{"attraction_name":"鳩之澤"}},{"model":"members.attraction","pk":82,"fields":{"attraction_name":"三鳳中街"}},{"model":"members.attraction","pk":83,"fields":{"attraction_name":"瓊林古聚落"}},{"model":"members.attraction","pk":84,"fields":{"attraction_name":"玉兔鉛筆學校"}},{"model":"members.attraction","pk":85,"fields":{"attraction_name":"有容路(有榕路)"}},{"model":"members.attraction","pk":86,"fields":{"attraction_name":"富岡老街"}},{"model":"members.attraction","pk":87,"fields":{"attraction_name":"拉魯島"}},{"model":"members.attraction","pk":88,"fields":{"attraction_name":"大天后宮"}},{"model":"members.attraction","pk":89,"fields":{"attraction_name":"新竹都城隍廟"}},{"model":"members.attraction","pk":90,"fields":{"attraction_name":"龍潭湖風景區"}},{"model":"members.attraction","pk":91,"fields":{"attraction_name":"八卦茶園"}},{"model":"members.attraction","pk":92,"fields":{"attraction_name":"水社寮車站"}},{"model":"members.attraction","pk":93,"fields":{"attraction_name":"華山"}},{"model":"members.attraction","pk":94,"fields":{"attraction_name":"千島湖"}},{"model":"members.attraction","pk":95,"fields":{"attraction_name":"清水眷村文化園區"}},{"model":"members.attraction","pk":96,"fields":{"attraction_name":"富源蝴蝶谷"}},{"model":"members.attraction","pk":97,"fields":{"attraction_name":"海上教堂"}},{"model":"members.attraction","pk":98,"fields":{"attraction_name":"石門洞"}},{"model":"members.attraction","pk":99,"fields":{"attraction_name":"四方鮮乳牧場"}},{"model":"members.attraction","pk":100,"fields":{"attraction_name":"衛武營迷迷村"}},{"model":"members.attraction","pk":101,"fields":{"attraction_name":"南門市場"}},{"model":"members.attraction","pk":102,"fields":{"attraction_name":"文學館"}},{"model":"members.attraction","pk":103,"fields":{"attraction_name":"金車噶瑪蘭威士忌酒廠"}},{"model":"members.attraction","pk":104,"fields":{"attraction_name":"溪頭自然教育園區"}},{"model":"members.attraction","pk":105,"fields":{"attraction_name":"廣進勝油紙傘"}},{"model":"members.attraction","pk":106,"fields":{"attraction_name":"天龍吊橋"}},{"model":"members.attraction","pk":107,"fields":{"attraction_name":"摩摩納爾瀑布"}},{"model":"members.attraction","pk":108,"fields":{"attraction_name":"清水地熱公園"}},{"model":"members.attraction","pk":109,"fields":{"attraction_name":"新社薰衣草森林"}},{"model":"members.attraction","pk":110,"fields":{"attraction_name":"貨櫃屋星巴克"}},{"model":"members.attraction","pk":111,"fields":{"attraction_name":"山水沙灘"}},{"model":"members.attraction","pk":112,"fields":{"attraction_name":"阿朗壹古道"}},{"model":"members.attraction","pk":113,"fields":{"attraction_name":"水景橋"}},{"model":"members.attraction","pk":114,"fields":{"attraction_name":"猴探井遊憩區"}},{"model":"members.attraction","pk":115,"fields":{"attraction_name":"風獅爺紅龜粿DIY"}},{"model":"members.attraction","pk":116,"fields":{"attraction_name":"台灣優格餅乾學院"}},{"model":"members.attraction","pk":117,"fields":{"attraction_name":"灣潭玫瑰草莓園"}},{"model":"members.attraction","pk":118,"fields":{"attraction_name":"旺萊山愛情大草原"}},{"model":"members.attraction","pk":119,"fields":{"attraction_name":"大溪漁港"}},{"model":"members.attraction","pk":120,"fields":{"attraction_name":"雙流國家森林遊樂區"}},{"model":"members.attraction","pk":121,"fields":{"attraction_name":"宮原眼科"}},{"model":"members.attraction","pk":122,"fields":{"attraction_name":"士東市場"}},{"model":"members.attraction","pk":123,"fields":{"attraction_name":"烈嶼鄉"}},{"model":"members.attraction","pk":124,"fields":{"attraction_name":"魚鱗天梯"}},{"model":"members.attraction","pk":125,"fields":{"attraction_name":"仁愛市場"}},{"model":"members.attraction","pk":126,"fields":{"attraction_name":"澀水森林步道"}},{"model":"members.attraction","pk":127,"fields":{"attraction_name":"向天湖"}},{"model":"members.attraction","pk":128,"fields":{"attraction_name":"東眼山森林遊樂區"}},{"model":"members.attraction","pk":129,"fields":{"attraction_name":"赫蒂法莊園"}},{"model":"members.attraction","pk":130,"fields":{"attraction_name":"花瓶岩"}},{"model":"members.attraction","pk":131,"fields":{"attraction_name":"良食農創園區"}},{"model":"members.attraction","pk":132,"fields":{"attraction_name":"蜊埤湖"}},{"model":"members.attraction","pk":133,"fields":{"attraction_name":"一滴水紀念館"}},{"model":"members.attraction","pk":134,"fields":{"attraction_name":"國立傳藝中心"}},{"model":"members.attraction","pk":135,"fields":{"attraction_name":"蕃薯寮"}},{"model":"members.attraction","pk":136,"fields":{"attraction_name":"北門水晶教堂"}},{"model":"members.attraction","pk":137,"fields":{"attraction_name":"水晶教堂"}},{"model":"members.attraction","pk":138,"fields":{"attraction_name":"望幽谷"}},{"model":"members.attraction","pk":139,"fields":{"attraction_name":"宜蘭設治紀念館"}},{"model":"members.attraction","pk":140,"fields":{"attraction_name":"竹崎車站"}},{"model":"members.attraction","pk":141,"fields":{"attraction_name":"千櫻園"}},{"model":"members.attraction","pk":142,"fields":{"attraction_name":"駁二"}},{"model":"members.attraction","pk":143,"fields":{"attraction_name":"體驗採果樂【採草莓】"}},{"model":"members.attraction","pk":144,"fields":{"attraction_name":"多良火車站"}},{"model":"members.attraction","pk":145,"fields":{"attraction_name":"六甲落羽松森林"}},{"model":"members.attraction","pk":146,"fields":{"attraction_name":"古崗湖"}},{"model":"members.attraction","pk":147,"fields":{"attraction_name":"新社花海節"}},{"model":"members.attraction","pk":148,"fields":{"attraction_name":"草坪頭玉山觀光茶園-櫻花季"}},{"model":"members.attraction","pk":149,"fields":{"attraction_name":"陽明山前山公園"}},{"model":"members.attraction","pk":150,"fields":{"attraction_name":"台中第六市場"}},{"model":"members.attraction","pk":151,"fields":{"attraction_name":"太湖"}},{"model":"members.attraction","pk":152,"fields":{"attraction_name":"水山巨木步道"}},{"model":"members.attraction","pk":153,"fields":{"attraction_name":"鎮瀾宮"}},{"model":"members.attraction","pk":154,"fields":{"attraction_name":"初日號"}},{"model":"members.attraction","pk":155,"fields":{"attraction_name":"烏樹林"}},{"model":"members.attraction","pk":156,"fields":{"attraction_name":"彩虹眷村"}},{"model":"members.attraction","pk":157,"fields":{"attraction_name":"宇老觀景台"}},{"model":"members.attraction","pk":158,"fields":{"attraction_name":"新港香藝文化園區"}},{"model":"members.attraction","pk":159,"fields":{"attraction_name":"乳山故壘"}},{"model":"members.attraction","pk":160,"fields":{"attraction_name":"阿里山森林鐵路車庫園區"}},{"model":"members.attraction","pk":161,"fields":{"attraction_name":"台中眷村文物館"}},{"model":"members.attraction","pk":162,"fields":{"attraction_name":"劍湖"}},{"model":"members.attraction","pk":163,"fields":{"attraction_name":"中台世界博物館"}},{"model":"members.attraction","pk":164,"fields":{"attraction_name":"華山情人橋"}},{"model":"members.attraction","pk":165,"fields":{"attraction_name":"龜山島(賞鯨＋繞島)"}},{"model":"members.attraction","pk":166,"fields":{"attraction_name":"雙口海濱沙灘"}},{"model":"members.attraction","pk":167,"fields":{"attraction_name":"新竹城隍廟"}},{"model":"members.attraction","pk":168,"fields":{"attraction_name":"玄空法寺"}},{"model":"members.attraction","pk":169,"fields":{"attraction_name":"鄭成功資料館"}},{"model":"members.attraction","pk":170,"fields":{"attraction_name":"馬太鞍休閒農業區"}},{"model":"members.attraction","pk":171,"fields":{"attraction_name":"梨山"}},{"model":"members.attraction","pk":172,"fields":{"attraction_name":"冬季限定【鮮採草莓】"}},{"model":"members.attraction","pk":173,"fields":{"attraction_name":"花蓮觀光酒廠"}},{"model":"members.attraction","pk":174,"fields":{"attraction_name":"薰衣草森林"}},{"model":"members.attraction","pk":175,"fields":{"attraction_name":"礁溪溫泉飯店"}},{"model":"members.attraction","pk":176,"fields":{"attraction_name":"龍潭湖悠活園區"}},{"model":"members.attraction","pk":177,"fields":{"attraction_name":"旗山糖廠"}},{"model":"members.attraction","pk":178,"fields":{"attraction_name":"清境觀巴午餐"}},{"model":"members.attraction","pk":179,"fields":{"attraction_name":"打狗英國領事館"}},{"model":"members.attraction","pk":180,"fields":{"attraction_name":"長源圳生態步道"}},{"model":"members.attraction","pk":181,"fields":{"attraction_name":"德元埤荷蘭村"}},{"model":"members.attraction","pk":182,"fields":{"attraction_name":"四眼井"}},{"model":"members.attraction","pk":183,"fields":{"attraction_name":"虎尾糖廠"}},{"model":"members.attraction","pk":184,"fields":{"attraction_name":"美濃紙傘彩繪"}},{"model":"members.attraction","pk":185,"fields":{"attraction_name":"八二三戰史館"}},{"model":"members.attraction","pk":186,"fields":{"attraction_name":"日月潭頭社金針花"}},{"model":"members.attraction","pk":187,"fields":{"attraction_name":"觀夕平台"}},{"model":"members.attraction","pk":188,"fields":{"attraction_name":"三義木雕博物館"}},{"model":"members.attraction","pk":189,"fields":{"attraction_name":"八仙山森林遊樂園區"}},{"model":"members.attraction","pk":190,"fields":{"attraction_name":"迷糊步道"}},{"model":"members.attraction","pk":191,"fields":{"attraction_name":"大學池"}},{"model":"members.attraction","pk":192,"fields":{"attraction_name":"金崙泡溫泉"}},{"model":"members.attraction","pk":193,"fields":{"attraction_name":"星光祈福坑道"}},{"model":"members.attraction","pk":194,"fields":{"attraction_name":"霧峰農會酒莊"}},{"model":"members.attraction","pk":195,"fields":{"attraction_name":"龍過脈森林步道"}},{"model":"members.attraction","pk":196,"fields":{"attraction_name":"大菓葉柱狀玄武岩"}},{"model":"members.attraction","pk":197,"fields":{"attraction_name":"大坵島"}},{"model":"members.attraction","pk":198,"fields":{"attraction_name":"舊振南漢餅文化館"}},{"model":"members.attraction","pk":199,"fields":{"attraction_name":"油籽學堂"}},{"model":"members.attraction","pk":200,"fields":{"attraction_name":"瓦拉米步道"}},{"model":"members.attraction","pk":201,"fields":{"attraction_name":"豐盛愛玉"}},{"model":"members.attraction","pk":202,"fields":{"attraction_name":"三代木"}},{"model":"members.attraction","pk":203,"fields":{"attraction_name":"花卉試驗中心"}},{"model":"members.attraction","pk":204,"fields":{"attraction_name":"超品起司烘焙工坊"}},{"model":"members.attraction","pk":205,"fields":{"attraction_name":"​台版清溪川【東城門迎曦門+護城河】"}},{"model":"members.attraction","pk":206,"fields":{"attraction_name":"虎尾老街商圈"}},{"model":"members.attraction","pk":207,"fields":{"attraction_name":"跳石海岸"}},{"model":"members.attraction","pk":208,"fields":{"attraction_name":"仙洞巖、佛手洞"}},{"model":"members.attraction","pk":209,"fields":{"attraction_name":"達娜伊谷自然生態公園"}},{"model":"members.attraction","pk":210,"fields":{"attraction_name":"涼山遊憩區"}},{"model":"members.attraction","pk":211,"fields":{"attraction_name":"東勢林業文化園區"}},{"model":"members.attraction","pk":212,"fields":{"attraction_name":"新城老街巡禮"}},{"model":"members.attraction","pk":213,"fields":{"attraction_name":"玉里火車站"}},{"model":"members.attraction","pk":214,"fields":{"attraction_name":"卓也小屋-植物熱染DIY"}},{"model":"members.attraction","pk":215,"fields":{"attraction_name":"梨山文物陳列館"}},{"model":"members.attraction","pk":216,"fields":{"attraction_name":"竹山紫南宮"}},{"model":"members.attraction","pk":217,"fields":{"attraction_name":"山后民俗文化村"}},{"model":"members.attraction","pk":218,"fields":{"attraction_name":"軒味屋"}},{"model":"members.attraction","pk":219,"fields":{"attraction_name":"新港奉天宮"}},{"model":"members.attraction","pk":220,"fields":{"attraction_name":"審計新村"}},{"model":"members.attraction","pk":221,"fields":{"attraction_name":"自強號車廂土地公廟"}},{"model":"members.attraction","pk":222,"fields":{"attraction_name":"新北市客家文化園區"}},{"model":"members.attraction","pk":223,"fields":{"attraction_name":"三峽祖師廟"}},{"model":"members.attraction","pk":224,"fields":{"attraction_name":"雲也居一休閒農場"}},{"model":"members.attraction","pk":225,"fields":{"attraction_name":"羅東運動公園(東丘落羽松)"}},{"model":"members.attraction","pk":226,"fields":{"attraction_name":"鯨世界賞鯨"}},{"model":"members.attraction","pk":227,"fields":{"attraction_name":"尖山埤江南渡假村"}},{"model":"members.attraction","pk":228,"fields":{"attraction_name":"台南平實公園"}},{"model":"members.attraction","pk":229,"fields":{"attraction_name":"碧潭吊橋"}},{"model":"members.attraction","pk":230,"fields":{"attraction_name":"中正紀念堂"}},{"model":"members.attraction","pk":231,"fields":{"attraction_name":"白沙灣"}},{"model":"members.attraction","pk":232,"fields":{"attraction_name":"三井LALAPORT"}},{"model":"members.attraction","pk":233,"fields":{"attraction_name":"第二市場"}},{"model":"members.attraction","pk":234,"fields":{"attraction_name":"新化林場"}},{"model":"members.attraction","pk":235,"fields":{"attraction_name":"勝興火車站"}},{"model":"members.attraction","pk":236,"fields":{"attraction_name":"嘉義公園"}},{"model":"members.attraction","pk":237,"fields":{"attraction_name":"東部海岸國家風景區"}},{"model":"members.attraction","pk":238,"fields":{"attraction_name":"冬山河自行車道"}},{"model":"members.attraction","pk":239,"fields":{"attraction_name":"看海美術館"}},{"model":"members.attraction","pk":240,"fields":{"attraction_name":"三峽白雞行修宮"}},{"model":"members.attraction","pk":241,"fields":{"attraction_name":"安平樹屋"}},{"model":"members.attraction","pk":242,"fields":{"attraction_name":"海洋文化及流行音樂中心"}},{"model":"members.attraction","pk":243,"fields":{"attraction_name":"台中國家歌劇院"}},{"model":"members.attraction","pk":244,"fields":{"attraction_name":"南方澳漁港"}},{"model":"members.attraction","pk":245,"fields":{"attraction_name":"雪霸雲霧步道"}},{"model":"members.attraction","pk":246,"fields":{"attraction_name":"宜蘭東門夜市"}},{"model":"members.attraction","pk":247,"fields":{"attraction_name":"台灣客家文化館"}},{"model":"members.attraction","pk":248,"fields":{"attraction_name":"柳川藍帶水岸(柳川親水河岸)"}},{"model":"members.attraction","pk":249,"fields":{"attraction_name":"坂里天后宮"}},{"model":"members.attraction","pk":250,"fields":{"attraction_name":"楓之谷1956秘密花園"}},{"model":"members.attraction","pk":251,"fields":{"attraction_name":"衛武迷迷村"}},{"model":"members.attraction","pk":252,"fields":{"attraction_name":"蔦屋書店(埔里)"}},{"model":"members.attraction","pk":253,"fields":{"attraction_name":"日月老茶廠"}},{"model":"members.attraction","pk":254,"fields":{"attraction_name":"霧峰林家宮保第"}},{"model":"members.attraction","pk":255,"fields":{"attraction_name":"花蓮雲山水夢幻湖"}},{"model":"members.attraction","pk":256,"fields":{"attraction_name":"賞楓秘境【霞喀羅古道】"}},{"model":"members.attraction","pk":257,"fields":{"attraction_name":"天空走廊"}},{"model":"members.attraction","pk":258,"fields":{"attraction_name":"佳興冰果室"}},{"model":"members.attraction","pk":259,"fields":{"attraction_name":"後壁湖"}},{"model":"members.attraction","pk":260,"fields":{"attraction_name":"太麻里櫻木花道平交道"}},{"model":"members.attraction","pk":261,"fields":{"attraction_name":"GAIA MANOR 蓋婭莊園"}},{"model":"members.attraction","pk":262,"fields":{"attraction_name":"草嶺古道"}},{"model":"members.attraction","pk":263,"fields":{"attraction_name":"台中秋紅谷"}},{"model":"members.attraction","pk":264,"fields":{"attraction_name":"台灣油礦陳列館"}},{"model":"members.attraction","pk":265,"fields":{"attraction_name":"長春祠"}},{"model":"members.attraction","pk":266,"fields":{"attraction_name":"明池國家森林園區"}},{"model":"members.attraction","pk":267,"fields":{"attraction_name":"清泉"}},{"model":"members.attraction","pk":268,"fields":{"attraction_name":"北海坑道(夜間搖櫓-尋藍眼淚)"}},{"model":"members.attraction","pk":269,"fields":{"attraction_name":"好時果子"}},{"model":"members.attraction","pk":270,"fields":{"attraction_name":"姜子寮絕壁步道"}},{"model":"members.attraction","pk":271,"fields":{"attraction_name":"中柱島"}},{"model":"members.attraction","pk":272,"fields":{"attraction_name":"日月町複合式商場"}},{"model":"members.attraction","pk":273,"fields":{"attraction_name":"雲霧步道"}},{"model":"members.attraction","pk":274,"fields":{"attraction_name":"太平雲梯"}},{"model":"members.attraction","pk":275,"fields":{"attraction_name":"利吉社區"}},{"model":"members.attraction","pk":276,"fields":{"attraction_name":"國立傳統藝術中心"}},{"model":"members.attraction","pk":277,"fields":{"attraction_name":"台北奧萬大樂活莊園"}},{"model":"members.attraction","pk":278,"fields":{"attraction_name":"中央古街"}},{"model":"members.attraction","pk":279,"fields":{"attraction_name":"台東戒治所咖啡館武陵外役監"}},{"model":"members.attraction","pk":280,"fields":{"attraction_name":"月崖灣親子農場"}},{"model":"members.attraction","pk":281,"fields":{"attraction_name":"東莒燈塔（東犬燈塔）"}},{"model":"members.attraction","pk":282,"fields":{"attraction_name":"風吹沙"}},{"model":"members.attraction","pk":283,"fields":{"attraction_name":"栩悅號套裝遊程"}},{"model":"members.attraction","pk":284,"fields":{"attraction_name":"六口溫泉"}},{"model":"members.attraction","pk":285,"fields":{"attraction_name":"檳榔嶼"}},{"model":"members.attraction","pk":286,"fields":{"attraction_name":"砂島貝殼砂展示館"}},{"model":"members.attraction","pk":287,"fields":{"attraction_name":"淡水老街"}},{"model":"members.attraction","pk":288,"fields":{"attraction_name":"九九峰動物樂園"}},{"model":"members.attraction","pk":289,"fields":{"attraction_name":"雲台山軍情館"}},{"model":"members.attraction","pk":290,"fields":{"attraction_name":"陽明山美軍宿舍群"}},{"model":"members.attraction","pk":291,"fields":{"attraction_name":"味衛佳杮餅觀光農場"}},{"model":"members.attraction","pk":292,"fields":{"attraction_name":"布袋戲館"}},{"model":"members.attraction","pk":293,"fields":{"attraction_name":"許厝港濕地"}},{"model":"members.attraction","pk":294,"fields":{"attraction_name":"旗山天后宮"}},{"model":"members.attraction","pk":295,"fields":{"attraction_name":"太武山"}},{"model":"members.attraction","pk":296,"fields":{"attraction_name":"野馬瞰山森林浴"}},{"model":"members.attraction","pk":297,"fields":{"attraction_name":"宜蘭傳藝中心"}},{"model":"members.attraction","pk":298,"fields":{"attraction_name":"水社碼頭"}},{"model":"members.attraction","pk":299,"fields":{"attraction_name":"田寮石頭廟"}},{"model":"members.attraction","pk":300,"fields":{"attraction_name":"猴硐"}},{"model":"members.attraction","pk":301,"fields":{"attraction_name":"國立史前文化博物館"}},{"model":"members.attraction","pk":302,"fields":{"attraction_name":"睿友學校"}},{"model":"members.attraction","pk":303,"fields":{"attraction_name":"小半天"}},{"model":"members.attraction","pk":304,"fields":{"attraction_name":"新城照相館"}},{"model":"members.attraction","pk":305,"fields":{"attraction_name":"墾丁森林遊樂園區"}},{"model":"members.attraction","pk":306,"fields":{"attraction_name":"東安古橋"}},{"model":"members.attraction","pk":307,"fields":{"attraction_name":"貓空"}},{"model":"members.attraction","pk":308,"fields":{"attraction_name":"成功漁港"}},{"model":"members.attraction","pk":309,"fields":{"attraction_name":"屏東觀光夜市"}},{"model":"members.attraction","pk":310,"fields":{"attraction_name":"紅毛城"}},{"model":"members.attraction","pk":311,"fields":{"attraction_name":"空氣圖書館"}},{"model":"members.attraction","pk":312,"fields":{"attraction_name":"義興吊橋"}},{"model":"members.attraction","pk":313,"fields":{"attraction_name":"巴陵古道生態園區"}},{"model":"members.attraction","pk":314,"fields":{"attraction_name":"綠島藍洞"}},{"model":"members.attraction","pk":315,"fields":{"attraction_name":"大鯖魚夢工廠"}},{"model":"members.attraction","pk":316,"fields":{"attraction_name":"美人洞"}},{"model":"members.attraction","pk":317,"fields":{"attraction_name":"漁光島"}},{"model":"members.attraction","pk":318,"fields":{"attraction_name":"裕芳通霄店"}},{"model":"members.attraction","pk":319,"fields":{"attraction_name":"日月潭伊達邵碼頭"}},{"model":"members.attraction","pk":320,"fields":{"attraction_name":"丸莊醬油觀光工廠"}},{"model":"members.attraction","pk":321,"fields":{"attraction_name":"雅聞峇里海岸觀光工廠"}},{"model":"members.attraction","pk":322,"fields":{"attraction_name":"蔬菜公園"}},{"model":"members.attraction","pk":323,"fields":{"attraction_name":"三貂角燈塔"}},{"model":"members.attraction","pk":324,"fields":{"attraction_name":"淺水灣"}},{"model":"members.attraction","pk":325,"fields":{"attraction_name":"台中彩虹眷村"}},{"model":"members.attraction","pk":326,"fields":{"attraction_name":"大鳥休憩區"}},{"model":"members.attraction","pk":327,"fields":{"attraction_name":"藍皮解憂號觀光列車"}},{"model":"members.attraction","pk":328,"fields":{"attraction_name":"白沙屯拱天宮"}},{"model":"members.attraction","pk":329,"fields":{"attraction_name":"南崁"}},{"model":"members.attraction","pk":330,"fields":{"attraction_name":"虎牌米粉產業文化館"}},{"model":"members.attraction","pk":331,"fields":{"attraction_name":"水往上流"}},{"model":"members.attraction","pk":332,"fields":{"attraction_name":"高雄鹽埕｜七賢三路與新樂街路"}},{"model":"members.attraction","pk":333,"fields":{"attraction_name":"菁埔彩繪村"}},{"model":"members.attraction","pk":334,"fields":{"attraction_name":"潘安邦紀念館"}},{"model":"members.attraction","pk":335,"fields":{"attraction_name":"美人洞風景區"}},{"model":"members.attraction","pk":336,"fields":{"attraction_name":"小烏來天空步道"}},{"model":"members.attraction","pk":337,"fields":{"attraction_name":"芝山岩文化史蹟公園"}},{"model":"members.attraction","pk":338,"fields":{"attraction_name":"台南國華街美食"}},{"model":"members.attraction","pk":339,"fields":{"attraction_name":"藍皮意象館/上車集合地點"}},{"model":"members.attraction","pk":340,"fields":{"attraction_name":"虎尾合同廳舍"}},{"model":"members.attraction","pk":341,"fields":{"attraction_name":"基隆燈塔觀景平台"}},{"model":"members.attraction","pk":342,"fields":{"attraction_name":"雙口海濱公園"}},{"model":"members.attraction","pk":343,"fields":{"attraction_name":"四維坑道(九宮坑道)"}},{"model":"members.attraction","pk":344,"fields":{"attraction_name":"中山紀念林"}},{"model":"members.attraction","pk":345,"fields":{"attraction_name":"台東原生應用植物園"}},{"model":"members.attraction","pk":346,"fields":{"attraction_name":"溪湖糖廠"}},{"model":"members.attraction","pk":347,"fields":{"attraction_name":"崗山之眼"}},{"model":"members.attraction","pk":348,"fields":{"attraction_name":"曾文水庫風景區"}},{"model":"members.attraction","pk":349,"fields":{"attraction_name":"愛之船"}},{"model":"members.attraction","pk":350,"fields":{"attraction_name":"蘭欣辣汗花果休閒農場"}},{"model":"members.attraction","pk":351,"fields":{"attraction_name":"龍虎塔"}},{"model":"members.attraction","pk":352,"fields":{"attraction_name":"鹽埔漁港"}},{"model":"members.attraction","pk":353,"fields":{"attraction_name":"集集綠色隧道"}},{"model":"members.attraction","pk":354,"fields":{"attraction_name":"龍崎文衡殿"}},{"model":"members.attraction","pk":355,"fields":{"attraction_name":"恆春古城"}},{"model":"members.attraction","pk":356,"fields":{"attraction_name":"台灣土豆王"}},{"model":"members.attraction","pk":357,"fields":{"attraction_name":"九份老街"}},{"model":"members.attraction","pk":358,"fields":{"attraction_name":"金門和平紀念園區(林厝砲陣地)"}},{"model":"members.attraction","pk":359,"fields":{"attraction_name":"鼻頭角步道"}},{"model":"members.attraction","pk":360,"fields":{"attraction_name":"正濱漁港彩色屋"}},{"model":"members.attraction","pk":361,"fields":{"attraction_name":"翠峰湖環山步道"}},{"model":"members.attraction","pk":362,"fields":{"attraction_name":"龜吼漁夫市集"}},{"model":"members.attraction","pk":363,"fields":{"attraction_name":"白楊瀑布"}},{"model":"members.attraction","pk":364,"fields":{"attraction_name":"藍皮意象館"}},{"model":"members.attraction","pk":365,"fields":{"attraction_name":"瑞芳美食廣場"}},{"model":"members.attraction","pk":366,"fields":{"attraction_name":"芹山播音站"}},{"model":"members.attraction","pk":367,"fields":{"attraction_name":"布袋漁港"}},{"model":"members.attraction","pk":368,"fields":{"attraction_name":"見晴懷古步道"}},{"model":"members.attraction","pk":369,"fields":{"attraction_name":"關仔嶺"}},{"model":"members.attraction","pk":370,"fields":{"attraction_name":"竹南啤酒廠"}},{"model":"members.attraction","pk":371,"fields":{"attraction_name":"安平航海城"}},{"model":"members.attraction","pk":372,"fields":{"attraction_name":"蘿莎玫瑰莊園"}},{"model":"members.attraction","pk":373,"fields":{"attraction_name":"道禾六藝文化館"}},{"model":"members.attraction","pk":374,"fields":{"attraction_name":"大石鼻山步道"}},{"model":"members.attraction","pk":375,"fields":{"attraction_name":"布袋港"}},{"model":"members.attraction","pk":376,"fields":{"attraction_name":"安平商圈"}},{"model":"members.attraction","pk":377,"fields":{"attraction_name":"星空隧道"}},{"model":"members.attraction","pk":378,"fields":{"attraction_name":"雲嶺之丘"}},{"model":"members.attraction","pk":379,"fields":{"attraction_name":"嘉義美術館"}},{"model":"members.attraction","pk":380,"fields":{"attraction_name":"清境高空景觀步道"}},{"model":"members.attraction","pk":381,"fields":{"attraction_name":"清境小瑞士花園"}},{"model":"members.attraction","pk":382,"fields":{"attraction_name":"台鉅美妝觀光工廠"}},{"model":"members.attraction","pk":383,"fields":{"attraction_name":"原生植物園"}},{"model":"members.attraction","pk":384,"fields":{"attraction_name":"雙流森林遊樂區"}},{"model":"members.attraction","pk":385,"fields":{"attraction_name":"高屏溪舊鐵橋濕地公園"}},{"model":"members.attraction","pk":386,"fields":{"attraction_name":"大東文化藝術中心"}},{"model":"members.attraction","pk":387,"fields":{"attraction_name":"士林官邸公園"}},{"model":"members.attraction","pk":388,"fields":{"attraction_name":"太白天聲"}},{"model":"members.attraction","pk":389,"fields":{"attraction_name":"彩繪村"}},{"model":"members.attraction","pk":390,"fields":{"attraction_name":"天御花園農場"}},{"model":"members.attraction","pk":391,"fields":{"attraction_name":"竹田驛園"}},{"model":"members.attraction","pk":392,"fields":{"attraction_name":"台中天后宮"}},{"model":"members.attraction","pk":393,"fields":{"attraction_name":"中社花市"}},{"model":"members.attraction","pk":394,"fields":{"attraction_name":"多納部落"}},{"model":"members.attraction","pk":395,"fields":{"attraction_name":"水与松驛館(台灣牛樟館)"}},{"model":"members.attraction","pk":396,"fields":{"attraction_name":"洗水坑豆腐街(清安豆腐老街)"}},{"model":"members.attraction","pk":397,"fields":{"attraction_name":"海大山小"}},{"model":"members.attraction","pk":398,"fields":{"attraction_name":"山毛櫸步道"}},{"model":"members.attraction","pk":399,"fields":{"attraction_name":"白沙"}},{"model":"members.attraction","pk":400,"fields":{"attraction_name":"梅嶺風景區"}},{"model":"members.attraction","pk":401,"fields":{"attraction_name":"紅葉少棒紀念館"}},{"model":"members.attraction","pk":402,"fields":{"attraction_name":"新中橫塔塔加"}},{"model":"members.attraction","pk":403,"fields":{"attraction_name":"鈺展苗圃"}},{"model":"members.attraction","pk":404,"fields":{"attraction_name":"玉山國家公園"}},{"model":"members.attraction","pk":405,"fields":{"attraction_name":"伯朗咖啡城堡"}},{"model":"members.attraction","pk":406,"fields":{"attraction_name":"七股龍山號生態之旅"}},{"model":"members.attraction","pk":407,"fields":{"attraction_name":"美濃民俗村"}},{"model":"members.attraction","pk":408,"fields":{"attraction_name":"澎湖綠金識海菜"}},{"model":"members.attraction","pk":409,"fields":{"attraction_name":"新社花海"}},{"model":"members.attraction","pk":410,"fields":{"attraction_name":"棲蘭之美"}},{"model":"members.attraction","pk":411,"fields":{"attraction_name":"馬祖新村眷村文創園區"}},{"model":"members.attraction","pk":412,"fields":{"attraction_name":"新竹市玻璃工藝博物館"}},{"model":"members.attraction","pk":413,"fields":{"attraction_name":"大溪落羽松"}},{"model":"members.attraction","pk":414,"fields":{"attraction_name":"益品美術館"}},{"model":"members.attraction","pk":415,"fields":{"attraction_name":"金樽眺望台"}},{"model":"members.attraction","pk":416,"fields":{"attraction_name":"高士神社"}},{"model":"members.attraction","pk":417,"fields":{"attraction_name":"四重溪溫泉公園"}},{"model":"members.attraction","pk":418,"fields":{"attraction_name":"鯨魚洞"}},{"model":"members.attraction","pk":419,"fields":{"attraction_name":"野馬瞰山步道"}},{"model":"members.attraction","pk":420,"fields":{"attraction_name":"白鹿吊橋"}},{"model":"members.attraction","pk":421,"fields":{"attraction_name":"南方澳小鎮漫遊(敬請自理)~推薦景點&特色小吃"}},{"model":"members.attraction","pk":422,"fields":{"attraction_name":"沙美摩洛哥"}},{"model":"members.attraction","pk":423,"fields":{"attraction_name":"台灣糖業博物館"}},{"model":"members.attraction","pk":424,"fields":{"attraction_name":"藍眼淚"}},{"model":"members.attraction","pk":425,"fields":{"attraction_name":"天空之城"}},{"model":"members.attraction","pk":426,"fields":{"attraction_name":"泰安落羽松"}},{"model":"members.attraction","pk":427,"fields":{"attraction_name":"三峽老街"}},{"model":"members.attraction","pk":428,"fields":{"attraction_name":"富貴角燈塔"}},{"model":"members.attraction","pk":429,"fields":{"attraction_name":"棲蘭神木園區"}},{"model":"members.attraction","pk":430,"fields":{"attraction_name":"泰安派出所櫻花林"}},{"model":"members.attraction","pk":431,"fields":{"attraction_name":"鵬村濕地公園"}},{"model":"members.attraction","pk":432,"fields":{"attraction_name":"白楊步道"}},{"model":"members.attraction","pk":433,"fields":{"attraction_name":"蝸牛巷"}},{"model":"members.attraction","pk":434,"fields":{"attraction_name":"甲仙商圈"}},{"model":"members.attraction","pk":435,"fields":{"attraction_name":"墾丁國家森林遊樂區"}},{"model":"members.attraction","pk":436,"fields":{"attraction_name":"神仙谷"}},{"model":"members.attraction","pk":437,"fields":{"attraction_name":"大漢據點"}},{"model":"members.attraction","pk":438,"fields":{"attraction_name":"吳園"}},{"model":"members.attraction","pk":439,"fields":{"attraction_name":"伊達邵商圈"}},{"model":"members.attraction","pk":440,"fields":{"attraction_name":"台南山上花園水道博物館"}},{"model":"members.attraction","pk":441,"fields":{"attraction_name":"英才書院"}},{"model":"members.attraction","pk":442,"fields":{"attraction_name":"南子吝步道"}},{"model":"members.attraction","pk":443,"fields":{"attraction_name":"永樂市場"}},{"model":"members.attraction","pk":444,"fields":{"attraction_name":"台灣山毛櫸國家步道"}},{"model":"members.attraction","pk":445,"fields":{"attraction_name":"山里車站"}},{"model":"members.attraction","pk":446,"fields":{"attraction_name":"鳳林菸樓"}},{"model":"members.attraction","pk":447,"fields":{"attraction_name":"彰化採葡萄體驗"}},{"model":"members.attraction","pk":448,"fields":{"attraction_name":"鯉魚潭風景區"}},{"model":"members.attraction","pk":449,"fields":{"attraction_name":"鹽水老街"}},{"model":"members.attraction","pk":450,"fields":{"attraction_name":"松湖驛站"}},{"model":"members.attraction","pk":451,"fields":{"attraction_name":"湯圍溝"}},{"model":"members.attraction","pk":452,"fields":{"attraction_name":"洄瀾灣景觀餐廳"}},{"model":"members.attraction","pk":453,"fields":{"attraction_name":"雪見遊客中心"}},{"model":"members.attraction","pk":454,"fields":{"attraction_name":"星源茶園絹印茶香枕DIY"}},{"model":"members.attraction","pk":455,"fields":{"attraction_name":"椬梧滯洪池"}},{"model":"members.attraction","pk":456,"fields":{"attraction_name":"墾丁"}},{"model":"members.attraction","pk":457,"fields":{"attraction_name":"蘭都觀光工廠OrchidCity"}},{"model":"members.attraction","pk":458,"fields":{"attraction_name":"魚拓壓壓樂"}},{"model":"members.attraction","pk":459,"fields":{"attraction_name":"喔熊藝術村"}},{"model":"members.attraction","pk":460,"fields":{"attraction_name":"十三層遺址"}},{"model":"members.attraction","pk":461,"fields":{"attraction_name":"總爺藝文中心"}},{"model":"members.attraction","pk":462,"fields":{"attraction_name":"果然茶香觀光工廠"}},{"model":"members.attraction","pk":463,"fields":{"attraction_name":"張學良故居"}},{"model":"members.attraction","pk":464,"fields":{"attraction_name":"*[花蓮]東大門夜市"}},{"model":"members.attraction","pk":465,"fields":{"attraction_name":"羅東夜市"}},{"model":"members.attraction","pk":466,"fields":{"attraction_name":"五年千歲公園"}},{"model":"members.attraction","pk":467,"fields":{"attraction_name":"潮州日式文化園區"}},{"model":"members.attraction","pk":468,"fields":{"attraction_name":"台江國家公園管理處暨遊客中心"}},{"model":"members.attraction","pk":469,"fields":{"attraction_name":"最美市場~新化果菜市場"}},{"model":"members.attraction","pk":470,"fields":{"attraction_name":"高美濕地"}},{"model":"members.attraction","pk":471,"fields":{"attraction_name":"頭城濱海森林公園"}},{"model":"members.attraction","pk":472,"fields":{"attraction_name":"奧萬大吊橋"}},{"model":"members.attraction","pk":473,"fields":{"attraction_name":"嘉義市"}},{"model":"members.attraction","pk":474,"fields":{"attraction_name":"一太e衛浴觀光工廠"}},{"model":"members.attraction","pk":475,"fields":{"attraction_name":"龍潭觀光大池"}},{"model":"members.attraction","pk":476,"fields":{"attraction_name":"*[台東市]琵琶湖自行車出租(阿珠的店)"}},{"model":"members.attraction","pk":477,"fields":{"attraction_name":"霄裡大池"}},{"model":"members.attraction","pk":478,"fields":{"attraction_name":"阿聰師芋頭酥文化館"}},{"model":"members.attraction","pk":479,"fields":{"attraction_name":"奧萬大國家森林遊樂區"}},{"model":"members.attraction","pk":480,"fields":{"attraction_name":"坂里大宅"}},{"model":"members.attraction","pk":481,"fields":{"attraction_name":"楓林步道"}},{"model":"members.attraction","pk":482,"fields":{"attraction_name":"巧克力雲莊"}},{"model":"members.attraction","pk":483,"fields":{"attraction_name":"伯朗大道"}},{"model":"members.attraction","pk":484,"fields":{"attraction_name":"大鵬灣遊船+烤蚵"}},{"model":"members.attraction","pk":485,"fields":{"attraction_name":"愛河"}},{"model":"members.attraction","pk":486,"fields":{"attraction_name":"八甲休閒魚場"}},{"model":"members.attraction","pk":487,"fields":{"attraction_name":"美濃文創中心"}},{"model":"members.attraction","pk":488,"fields":{"attraction_name":"基隆港"}},{"model":"members.attraction","pk":489,"fields":{"attraction_name":"武陵"}},{"model":"members.attraction","pk":490,"fields":{"attraction_name":"理想大地 A2水岸"}},{"model":"members.attraction","pk":491,"fields":{"attraction_name":"龍鑾潭"}},{"model":"members.attraction","pk":492,"fields":{"attraction_name":"多良車站"}},{"model":"members.attraction","pk":493,"fields":{"attraction_name":"太巴塱部落"}},{"model":"members.attraction","pk":494,"fields":{"attraction_name":"天后宮"}},{"model":"members.attraction","pk":495,"fields":{"attraction_name":"探索館"}},{"model":"members.attraction","pk":496,"fields":{"attraction_name":"花蓮創意文化園區"}},{"model":"members.attraction","pk":497,"fields":{"attraction_name":"模範街"}},{"model":"members.attraction","pk":498,"fields":{"attraction_name":"一米特米食點心觀光工廠"}},{"model":"members.attraction","pk":499,"fields":{"attraction_name":"白沙屯車站"}},{"model":"members.attraction","pk":500,"fields":{"attraction_name":"臺灣玻璃館"}},{"model":"members.attraction","pk":501,"fields":{"attraction_name":"旗津老街"}},{"model":"members.attraction","pk":502,"fields":{"attraction_name":"鹿耳門天后宮"}},{"model":"members.attraction","pk":503,"fields":{"attraction_name":"三鶯藝術村(駐村藝術家工坊)"}},{"model":"members.attraction","pk":504,"fields":{"attraction_name":"好美里3D海洋世界戶外美術館"}},{"model":"members.attraction","pk":505,"fields":{"attraction_name":"華新街（緬甸街）"}},{"model":"members.attraction","pk":506,"fields":{"attraction_name":"旺萊山鳳梨文化園區"}},{"model":"members.attraction","pk":507,"fields":{"attraction_name":"角板山公園"}},{"model":"members.attraction","pk":508,"fields":{"attraction_name":"伊達邵親水步道"}},{"model":"members.attraction","pk":509,"fields":{"attraction_name":"龍鑾潭自然中心"}},{"model":"members.attraction","pk":510,"fields":{"attraction_name":"武陵迎賓橋"}},{"model":"members.attraction","pk":511,"fields":{"attraction_name":"橙香森林"}},{"model":"members.attraction","pk":512,"fields":{"attraction_name":"阿里山森林遊樂園區"}},{"model":"members.attraction","pk":513,"fields":{"attraction_name":"橋頭糖廠"}},{"model":"members.attraction","pk":514,"fields":{"attraction_name":"明池森林遊樂區"}},{"model":"members.attraction","pk":515,"fields":{"attraction_name":"碧山彩繪村"}},{"model":"members.attraction","pk":516,"fields":{"attraction_name":"味衛佳"}},{"model":"members.attraction","pk":517,"fields":{"attraction_name":"伊達邵碼頭"}},{"model":"members.attraction","pk":518,"fields":{"attraction_name":"石碇千島湖"}},{"model":"members.attraction","pk":519,"fields":{"attraction_name":"大安溪峽谷"}},{"model":"members.attraction","pk":520,"fields":{"attraction_name":"山度空間"}},{"model":"members.attraction","pk":521,"fields":{"attraction_name":"石門水庫"}},{"model":"members.attraction","pk":522,"fields":{"attraction_name":"二延平步道"}},{"model":"members.attraction","pk":523,"fields":{"attraction_name":"祝大漁"}},{"model":"members.attraction","pk":524,"fields":{"attraction_name":"台中三井"}},{"model":"members.attraction","pk":525,"fields":{"attraction_name":"武嶺"}},{"model":"members.attraction","pk":526,"fields":{"attraction_name":"翟山坑道"}},{"model":"members.attraction","pk":527,"fields":{"attraction_name":"藏酒酒莊"}},{"model":"members.attraction","pk":528,"fields":{"attraction_name":"關山親水公園"}},{"model":"members.attraction","pk":529,"fields":{"attraction_name":"佳興冰菓室"}},{"model":"members.attraction","pk":530,"fields":{"attraction_name":"阿里山觀日出"}},{"model":"members.attraction","pk":531,"fields":{"attraction_name":"通霄落羽松大道"}},{"model":"members.attraction","pk":532,"fields":{"attraction_name":"日月潭纜車"}},{"model":"members.attraction","pk":533,"fields":{"attraction_name":"勝利星村創意生活園區"}},{"model":"members.attraction","pk":534,"fields":{"attraction_name":"燕子口"}},{"model":"members.attraction","pk":535,"fields":{"attraction_name":"大福琉球航運股份有限公司"}},{"model":"members.attraction","pk":536,"fields":{"attraction_name":"霧峰林家宮保第園區"}},{"model":"members.attraction","pk":537,"fields":{"attraction_name":"虎山親山步道"}},{"model":"members.attraction","pk":538,"fields":{"attraction_name":"台灣滷味博物館"}},{"model":"members.attraction","pk":539,"fields":{"attraction_name":"高雄大港橋"}},{"model":"members.attraction","pk":540,"fields":{"attraction_name":"金車酒廠"}},{"model":"members.attraction","pk":541,"fields":{"attraction_name":"梅山太平雲梯"}},{"model":"members.attraction","pk":542,"fields":{"attraction_name":"向山行政暨遊客服務中心"}},{"model":"members.attraction","pk":543,"fields":{"attraction_name":"雲水溫泉度假村"}},{"model":"members.attraction","pk":544,"fields":{"attraction_name":"浯江書院"}},{"model":"members.attraction","pk":545,"fields":{"attraction_name":"海洋生物博物館"}},{"model":"members.attraction","pk":546,"fields":{"attraction_name":"武界"}},{"model":"members.attraction","pk":547,"fields":{"attraction_name":"美濃湖"}},{"model":"members.attraction","pk":548,"fields":{"attraction_name":"遊山茶訪-茶文化館"}},{"model":"members.attraction","pk":549,"fields":{"attraction_name":"奎壁山摩西分海"}},{"model":"members.attraction","pk":550,"fields":{"attraction_name":"烘爐地南山福德宮"}},{"model":"members.attraction","pk":551,"fields":{"attraction_name":"新竹地區旅客"}},{"model":"members.attraction","pk":552,"fields":{"attraction_name":"魚寮遺址"}},{"model":"members.attraction","pk":553,"fields":{"attraction_name":"雅聞湖濱療癒森林"}},{"model":"members.attraction","pk":554,"fields":{"attraction_name":"卑南遺址公園"}},{"model":"members.attraction","pk":555,"fields":{"attraction_name":"西門町商圈"}},{"model":"members.attraction","pk":556,"fields":{"attraction_name":"知事官邸生活館"}},{"model":"members.attraction","pk":557,"fields":{"attraction_name":"碧雲寺"}},{"model":"members.attraction","pk":558,"fields":{"attraction_name":"龍田村"}},{"model":"members.attraction","pk":559,"fields":{"attraction_name":"加路蘭遊憩區"}},{"model":"members.attraction","pk":560,"fields":{"attraction_name":"國立科學工藝博物館"}},{"model":"members.attraction","pk":561,"fields":{"attraction_name":"史前文化博物館"}},{"model":"members.attraction","pk":562,"fields":{"attraction_name":"九族文化村"}},{"model":"members.attraction","pk":563,"fields":{"attraction_name":"清水地熱"}},{"model":"members.attraction","pk":564,"fields":{"attraction_name":"日月潭遊船"}},{"model":"members.attraction","pk":565,"fields":{"attraction_name":"天空之鏡"}},{"model":"members.attraction","pk":566,"fields":{"attraction_name":"冷水坑"}},{"model":"members.attraction","pk":567,"fields":{"attraction_name":"西嶼彈藥本庫軍事文化園區(銅牆鐵壁)"}},{"model":"members.attraction","pk":568,"fields":{"attraction_name":"瑞豐夜市"}},{"model":"members.attraction","pk":569,"fields":{"attraction_name":"千畦種子博物館"}},{"model":"members.attraction","pk":570,"fields":{"attraction_name":"新竹城隍廟商圈"}},{"model":"members.attraction","pk":571,"fields":{"attraction_name":"圓山西密道導覽文化之旅"}},{"model":"members.attraction","pk":572,"fields":{"attraction_name":"雪霸休閒農場"}},{"model":"members.attraction","pk":573,"fields":{"attraction_name":"象鼻岩"}},{"model":"members.attraction","pk":574,"fields":{"attraction_name":"金色豐收館"}},{"model":"members.attraction","pk":575,"fields":{"attraction_name":"鹿港小鎮"}},{"model":"members.attraction","pk":576,"fields":{"attraction_name":"法鼓山世界佛教教育園區(法華公園)"}},{"model":"members.attraction","pk":577,"fields":{"attraction_name":"金東電影院"}},{"model":"members.attraction","pk":578,"fields":{"attraction_name":"屏東總圖"}},{"model":"members.attraction","pk":579,"fields":{"attraction_name":"大溪老茶廠"}},{"model":"members.attraction","pk":580,"fields":{"attraction_name":"向山行政暨遊客中心"}},{"model":"members.attraction","pk":581,"fields":{"attraction_name":"情人湖公園"}},{"model":"members.attraction","pk":582,"fields":{"attraction_name":"六堆客家園區"}},{"model":"members.attraction","pk":583,"fields":{"attraction_name":"高跟鞋教堂"}},{"model":"members.attraction","pk":584,"fields":{"attraction_name":"薰衣草森林台中新社店"}},{"model":"members.attraction","pk":585,"fields":{"attraction_name":"福壽山農場"}},{"model":"members.attraction","pk":586,"fields":{"attraction_name":"鹿境梅花鹿生態園區"}},{"model":"members.attraction","pk":587,"fields":{"attraction_name":"國立海洋生物博物館"}},{"model":"members.attraction","pk":588,"fields":{"attraction_name":"安平定情碼頭德陽艦園區"}},{"model":"members.attraction","pk":589,"fields":{"attraction_name":"金板境天后宮（鐵板天后宮）"}},{"model":"members.attraction","pk":590,"fields":{"attraction_name":"台中公園"}},{"model":"members.attraction","pk":591,"fields":{"attraction_name":"二膽島"}},{"model":"members.attraction","pk":592,"fields":{"attraction_name":"鹿港天后宮"}},{"model":"members.attraction","pk":593,"fields":{"attraction_name":"藍眼淚體驗館"}},{"model":"members.attraction","pk":594,"fields":{"attraction_name":"東石漁人碼頭"}},{"model":"members.attraction","pk":595,"fields":{"attraction_name":"臺灣最南點意象標誌"}},{"model":"members.attraction","pk":596,"fields":{"attraction_name":"新竹遠東巨城購物中心"}},{"model":"members.attraction","pk":597,"fields":{"attraction_name":"台南美術館"}},{"model":"members.attraction","pk":598,"fields":{"attraction_name":"花露農場"}},{"model":"members.attraction","pk":599,"fields":{"attraction_name":"福山植物園"}},{"model":"members.attraction","pk":600,"fields":{"attraction_name":"伽路蘭遊憩區"}},{"model":"members.attraction","pk":601,"fields":{"attraction_name":"里沙灘"}},{"model":"members.attraction","pk":602,"fields":{"attraction_name":"奧萬大半日遊"}},{"model":"members.attraction","pk":603,"fields":{"attraction_name":"德陽艦"}},{"model":"members.attraction","pk":604,"fields":{"attraction_name":"旗后砲台"}},{"model":"members.attraction","pk":605,"fields":{"attraction_name":"水湳洞十三層遺址"}},{"model":"members.attraction","pk":606,"fields":{"attraction_name":"張學良文化園區"}},{"model":"members.attraction","pk":607,"fields":{"attraction_name":"故宮南院戶外美術館"}},{"model":"members.attraction","pk":608,"fields":{"attraction_name":"高雄駁二藝術特區"}},{"model":"members.attraction","pk":609,"fields":{"attraction_name":"壽山LOVE觀景台"}},{"model":"members.attraction","pk":610,"fields":{"attraction_name":"蘇澳服務區"}},{"model":"members.attraction","pk":611,"fields":{"attraction_name":"安平小砲臺"}},{"model":"members.attraction","pk":612,"fields":{"attraction_name":"新社古堡"}},{"model":"members.attraction","pk":613,"fields":{"attraction_name":"蚵仔寮漁港"}},{"model":"members.attraction","pk":614,"fields":{"attraction_name":"小野柳"}},{"model":"members.attraction","pk":615,"fields":{"attraction_name":"內灣吊橋"}},{"model":"members.attraction","pk":616,"fields":{"attraction_name":"池上飯包故事館"}},{"model":"members.attraction","pk":617,"fields":{"attraction_name":"台北探索館"}},{"model":"members.attraction","pk":618,"fields":{"attraction_name":"冬山河舊河道電動小船"}},{"model":"members.attraction","pk":619,"fields":{"attraction_name":"口湖遊客中心"}},{"model":"members.attraction","pk":620,"fields":{"attraction_name":"南橫公路"}},{"model":"members.attraction","pk":621,"fields":{"attraction_name":"沙美老街"}},{"model":"members.attraction","pk":622,"fields":{"attraction_name":"紅毛港文化園區"}},{"model":"members.attraction","pk":623,"fields":{"attraction_name":"壽山動物園"}},{"model":"members.attraction","pk":624,"fields":{"attraction_name":"藍茵湖"}},{"model":"members.attraction","pk":625,"fields":{"attraction_name":"木日光文旦驛站"}},{"model":"members.attraction","pk":626,"fields":{"attraction_name":"風櫃洞【風櫃聽濤】"}},{"model":"members.attraction","pk":627,"fields":{"attraction_name":"向陽派出所"}},{"model":"members.attraction","pk":628,"fields":{"attraction_name":"詩舒曼蠶絲文化園區"}},{"model":"members.attraction","pk":629,"fields":{"attraction_name":"涵碧步道"}},{"model":"members.attraction","pk":630,"fields":{"attraction_name":"宜蘭餅發明館"}},{"model":"members.attraction","pk":631,"fields":{"attraction_name":"鸞山"}},{"model":"members.attraction","pk":632,"fields":{"attraction_name":"巃頂步道"}},{"model":"members.attraction","pk":633,"fields":{"attraction_name":"復興嶼"}},{"model":"members.attraction","pk":634,"fields":{"attraction_name":"白色旋轉木馬"}},{"model":"members.attraction","pk":635,"fields":{"attraction_name":"粼粼波光、翩翩白影 (巨型白鷺鷥地景)"}},{"model":"members.attraction","pk":636,"fields":{"attraction_name":"麗寶樂園"}},{"model":"members.attraction","pk":637,"fields":{"attraction_name":"龍隱寺"}},{"model":"members.attraction","pk":638,"fields":{"attraction_name":"山板樵休閒農場"}},{"model":"members.attraction","pk":639,"fields":{"attraction_name":"阿里山森林遊園區"}},{"model":"members.attraction","pk":640,"fields":{"attraction_name":"後灣"}},{"model":"members.attraction","pk":641,"fields":{"attraction_name":"銅鑼杭菊"}},{"model":"members.attraction","pk":642,"fields":{"attraction_name":"Hohocha喝喝茶/台灣香日月潭紅茶廠"}},{"model":"members.attraction","pk":643,"fields":{"attraction_name":"動漫彩繪巷"}},{"model":"members.attraction","pk":644,"fields":{"attraction_name":"士林大壩"}},{"model":"members.attraction","pk":645,"fields":{"attraction_name":"武岫農場"}},{"model":"members.attraction","pk":646,"fields":{"attraction_name":"苗栗銅鑼。杭菊花季"}},{"model":"members.attraction","pk":647,"fields":{"attraction_name":"七星嶺步道"}},{"model":"members.attraction","pk":648,"fields":{"attraction_name":"高雄流行音樂中心"}},{"model":"members.attraction","pk":649,"fields":{"attraction_name":"武陵富野渡假村"}},{"model":"members.attraction","pk":650,"fields":{"attraction_name":"佐登妮絲城堡生技園區"}},{"model":"members.attraction","pk":651,"fields":{"attraction_name":"阿根納造船廠遺址"}},{"model":"members.attraction","pk":652,"fields":{"attraction_name":"慶和橋津梅棧道"}},{"model":"members.attraction","pk":653,"fields":{"attraction_name":"美好花生"}},{"model":"members.attraction","pk":654,"fields":{"attraction_name":"橘之鄉蜜餞形象館"}},{"model":"members.attraction","pk":655,"fields":{"attraction_name":"石門班哨角"}},{"model":"members.attraction","pk":656,"fields":{"attraction_name":"塘岐商圈"}},{"model":"members.attraction","pk":657,"fields":{"attraction_name":"玉山"}},{"model":"members.attraction","pk":658,"fields":{"attraction_name":"石梯坪"}},{"model":"members.attraction","pk":659,"fields":{"attraction_name":"王老五鴨賞"}},{"model":"members.attraction","pk":660,"fields":{"attraction_name":"水湳洞選煉廠遺址"}},{"model":"members.attraction","pk":661,"fields":{"attraction_name":"十分瀑布風景區"}},{"model":"members.attraction","pk":662,"fields":{"attraction_name":"泰安觀止溫泉會館"}},{"model":"members.attraction","pk":663,"fields":{"attraction_name":"東港漁港漁產品直銷中心(華僑市場)"}},{"model":"members.attraction","pk":664,"fields":{"attraction_name":"桃山"}},{"model":"members.attraction","pk":665,"fields":{"attraction_name":"新威森林公園"}},{"model":"members.attraction","pk":666,"fields":{"attraction_name":"布袋漁港觀光魚市"}},{"model":"members.attraction","pk":667,"fields":{"attraction_name":"墾丁小奈良"}},{"model":"members.attraction","pk":668,"fields":{"attraction_name":"羅山瀑布"}},{"model":"members.attraction","pk":669,"fields":{"attraction_name":"李騰芳古宅"}},{"model":"members.attraction","pk":670,"fields":{"attraction_name":"火炎山峽谷草原秘境"}},{"model":"members.attraction","pk":671,"fields":{"attraction_name":"池上飯包文化故事館"}},{"model":"members.attraction","pk":672,"fields":{"attraction_name":"鶯歌永吉公園"}},{"model":"members.attraction","pk":673,"fields":{"attraction_name":"上福裕紅茶莊園"}},{"model":"members.attraction","pk":674,"fields":{"attraction_name":"蓮池潭風景區"}},{"model":"members.attraction","pk":675,"fields":{"attraction_name":"猴硐貓村"}},{"model":"members.attraction","pk":676,"fields":{"attraction_name":"板陶窯交趾剪黏工藝園區"}},{"model":"members.attraction","pk":677,"fields":{"attraction_name":"武陵農場"}},{"model":"members.attraction","pk":678,"fields":{"attraction_name":"布農文物館"}},{"model":"members.attraction","pk":679,"fields":{"attraction_name":"武陵蔣公行館"}},{"model":"members.attraction","pk":680,"fields":{"attraction_name":"天狗部落"}},{"model":"members.attraction","pk":681,"fields":{"attraction_name":"旗津風車公園"}},{"model":"members.attraction","pk":682,"fields":{"attraction_name":"二林葡萄酒莊微醺品酒趣"}},{"model":"members.attraction","pk":683,"fields":{"attraction_name":"台東糖廠"}},{"model":"members.attraction","pk":684,"fields":{"attraction_name":"卡司蒂拉樂園(金格食品)"}},{"model":"members.attraction","pk":685,"fields":{"attraction_name":"祈堂老街"}},{"model":"members.attraction","pk":686,"fields":{"attraction_name":"石門山"}},{"model":"members.attraction","pk":687,"fields":{"attraction_name":"台泥DAKA"}},{"model":"members.attraction","pk":688,"fields":{"attraction_name":"頑皮世界"}},{"model":"members.attraction","pk":689,"fields":{"attraction_name":"蒜頭糖廠"}},{"model":"members.attraction","pk":690,"fields":{"attraction_name":"華山1914"}},{"model":"members.attraction","pk":691,"fields":{"attraction_name":"天明製藥農科觀光藥廠"}},{"model":"members.attraction","pk":692,"fields":{"attraction_name":"福安宮"}},{"model":"members.attraction","pk":693,"fields":{"attraction_name":"北山斷崖"}},{"model":"members.attraction","pk":694,"fields":{"attraction_name":"2024金門國際海洋藝術季—湖光馥郁"}},{"model":"members.attraction","pk":695,"fields":{"attraction_name":"粉鳥林秘境海灘"}},{"model":"members.attraction","pk":696,"fields":{"attraction_name":"美濃客家文物館"}},{"model":"members.attraction","pk":697,"fields":{"attraction_name":"可茵山可可莊園枋寮旗艦館"}},{"model":"members.attraction","pk":698,"fields":{"attraction_name":"功維敘隧道"}},{"model":"members.attraction","pk":699,"fields":{"attraction_name":"雅聞七里香玫瑰森林"}},{"model":"members.attraction","pk":700,"fields":{"attraction_name":"溪頭森林遊樂區"}},{"model":"members.attraction","pk":701,"fields":{"attraction_name":"大坡池"}},{"model":"members.attraction","pk":702,"fields":{"attraction_name":"天池風景區"}},{"model":"members.attraction","pk":703,"fields":{"attraction_name":"袖珍博物館"}},{"model":"members.attraction","pk":704,"fields":{"attraction_name":"明治溫泉老街"}},{"model":"members.attraction","pk":705,"fields":{"attraction_name":"後壁湖漁會生鮮市場"}},{"model":"members.attraction","pk":706,"fields":{"attraction_name":"大肚山"}},{"model":"members.attraction","pk":707,"fields":{"attraction_name":"茉莉花壇夢想館"}},{"model":"members.attraction","pk":708,"fields":{"attraction_name":"小森之歌"}},{"model":"members.attraction","pk":709,"fields":{"attraction_name":"墾丁國家公園"}},{"model":"members.attraction","pk":710,"fields":{"attraction_name":"D Park台肥海洋深層水園區"}},{"model":"members.attraction","pk":711,"fields":{"attraction_name":"關山夕照"}},{"model":"members.attraction","pk":712,"fields":{"attraction_name":"國家歌劇院"}},{"model":"members.attraction","pk":713,"fields":{"attraction_name":"棲蘭山莊"}},{"model":"members.attraction","pk":714,"fields":{"attraction_name":"台電南部展示館"}},{"model":"members.attraction","pk":715,"fields":{"attraction_name":"桃園客家文化館"}},{"model":"members.attraction","pk":716,"fields":{"attraction_name":"頭城老街(敬請自理)~推薦景點&特色小吃"}},{"model":"members.attraction","pk":717,"fields":{"attraction_name":"山上花園水道博物館淨水池區"}},{"model":"members.attraction","pk":718,"fields":{"attraction_name":"銀杏森林"}},{"model":"members.attraction","pk":719,"fields":{"attraction_name":"松園別館"}},{"model":"members.attraction","pk":720,"fields":{"attraction_name":"霧鹿峽谷"}},{"model":"members.attraction","pk":721,"fields":{"attraction_name":"勝昌中草藥探索館"}},{"model":"members.attraction","pk":722,"fields":{"attraction_name":"日落獨木舟"}},{"model":"members.attraction","pk":723,"fields":{"attraction_name":"太武山風景區"}},{"model":"members.attraction","pk":724,"fields":{"attraction_name":"觀音蓮花"}},{"model":"members.attraction","pk":725,"fields":{"attraction_name":"山里教堂"}},{"model":"members.attraction","pk":726,"fields":{"attraction_name":"二水跑水節"}},{"model":"members.attraction","pk":727,"fields":{"attraction_name":"台中港區藝術中心"}},{"model":"members.attraction","pk":728,"fields":{"attraction_name":"小瑞士"}},{"model":"members.attraction","pk":729,"fields":{"attraction_name":"茅鄉亭"}},{"model":"members.attraction","pk":730,"fields":{"attraction_name":"龜吼"}},{"model":"members.attraction","pk":731,"fields":{"attraction_name":"十字路車站"}},{"model":"members.attraction","pk":732,"fields":{"attraction_name":"水流東桐花步道"}},{"model":"members.attraction","pk":733,"fields":{"attraction_name":"優遊吧斯"}},{"model":"members.attraction","pk":734,"fields":{"attraction_name":"朝天宮"}},{"model":"members.attraction","pk":735,"fields":{"attraction_name":"阿里山遊客中心"}},{"model":"members.attraction","pk":736,"fields":{"attraction_name":"新竹城隍廟口夜市"}},{"model":"members.attraction","pk":737,"fields":{"attraction_name":"馬郭芋頭園"}},{"model":"members.attraction","pk":738,"fields":{"attraction_name":"心型公路"}},{"model":"members.attraction","pk":739,"fields":{"attraction_name":"四結福德廟"}},{"model":"members.attraction","pk":740,"fields":{"attraction_name":"東里車站"}},{"model":"members.attraction","pk":741,"fields":{"attraction_name":"雙龍瀑布七彩吊橋"}},{"model":"members.attraction","pk":742,"fields":{"attraction_name":"幾米主題廣場"}},{"model":"members.attraction","pk":743,"fields":{"attraction_name":"千巧谷牛樂園牧場"}},{"model":"members.attraction","pk":744,"fields":{"attraction_name":"大武濱海公園"}},{"model":"members.attraction","pk":745,"fields":{"attraction_name":"湖井頭戰史館"}},{"model":"members.attraction","pk":746,"fields":{"attraction_name":"青岐南山頭海岸景觀區"}},{"model":"members.attraction","pk":747,"fields":{"attraction_name":"銅鑼炮仗花海公園"}},{"model":"members.attraction","pk":748,"fields":{"attraction_name":"龍騰斷橋"}},{"model":"members.attraction","pk":749,"fields":{"attraction_name":"豐濱親不知子斷天空步道"}},{"model":"members.attraction","pk":750,"fields":{"attraction_name":"山海百貨"}},{"model":"members.attraction","pk":751,"fields":{"attraction_name":"翠峰湖環湖步道"}},{"model":"members.attraction","pk":752,"fields":{"attraction_name":"東港華僑市場"}},{"model":"members.attraction","pk":753,"fields":{"attraction_name":"日月潭國家風景區"}},{"model":"members.attraction","pk":754,"fields":{"attraction_name":"香山濕地賞蟹步道"}},{"model":"members.attraction","pk":755,"fields":{"attraction_name":"烈女義坑"}},{"model":"members.attraction","pk":756,"fields":{"attraction_name":"黃金蕎麥探索館"}},{"model":"members.attraction","pk":757,"fields":{"attraction_name":"花仙子步道"}},{"model":"members.attraction","pk":758,"fields":{"attraction_name":"仙湖休閒農場"}},{"model":"members.attraction","pk":759,"fields":{"attraction_name":"南安瀑布"}},{"model":"members.attraction","pk":760,"fields":{"attraction_name":"水耕蔬菜農場"}},{"model":"members.attraction","pk":761,"fields":{"attraction_name":"埡口"}},{"model":"members.attraction","pk":762,"fields":{"attraction_name":"南灣"}},{"model":"members.attraction","pk":763,"fields":{"attraction_name":"獅潭老街"}},{"model":"members.attraction","pk":764,"fields":{"attraction_name":"武昌宮"}},{"model":"members.attraction","pk":765,"fields":{"attraction_name":"新光兆豐休閒農場"}},{"model":"members.attraction","pk":766,"fields":{"attraction_name":"台泥DAKA園區"}},{"model":"members.attraction","pk":767,"fields":{"attraction_name":"小琉球"}},{"model":"members.attraction","pk":768,"fields":{"attraction_name":"地耕味-玩味蕃樂園"}},{"model":"members.attraction","pk":769,"fields":{"attraction_name":"旗山老街"}},{"model":"members.attraction","pk":770,"fields":{"attraction_name":"鐵花村"}},{"model":"members.attraction","pk":771,"fields":{"attraction_name":"見晴步道"}},{"model":"members.attraction","pk":772,"fields":{"attraction_name":"杉林溪森林生態渡假園區"}},{"model":"members.attraction","pk":773,"fields":{"attraction_name":"鍾鼎山林老薑蒸足浴"}},{"model":"members.attraction","pk":774,"fields":{"attraction_name":"Walami"}},{"model":"members.attraction","pk":775,"fields":{"attraction_name":"棒球名人堂"}},{"model":"members.attraction","pk":776,"fields":{"attraction_name":"冷水坑遊憩區"}},{"model":"members.attraction","pk":777,"fields":{"attraction_name":"龍山寺"}},{"model":"members.attraction","pk":778,"fields":{"attraction_name":"奮起湖肖楠母樹林步道"}},{"model":"members.attraction","pk":779,"fields":{"attraction_name":"外埔忘憂谷"}},{"model":"members.attraction","pk":780,"fields":{"attraction_name":"梨山賓館"}},{"model":"members.attraction","pk":781,"fields":{"attraction_name":"太麻里華源曙光觀景台"}},{"model":"members.attraction","pk":782,"fields":{"attraction_name":"粉鳥林"}},{"model":"members.attraction","pk":783,"fields":{"attraction_name":"金門"}},{"model":"members.attraction","pk":784,"fields":{"attraction_name":"甲子蘭酒文物館"}},{"model":"members.attraction","pk":785,"fields":{"attraction_name":"澄霖沉香味道森林館"}},{"model":"members.attraction","pk":786,"fields":{"attraction_name":"南科考古館"}},{"model":"members.attraction","pk":787,"fields":{"attraction_name":"108K楓之谷"}},{"model":"members.attraction","pk":788,"fields":{"attraction_name":"潮州圓環"}},{"model":"members.attraction","pk":789,"fields":{"attraction_name":"日月潭纜車站"}},{"model":"members.attraction","pk":790,"fields":{"attraction_name":"花蓮天空之鏡"}},{"model":"members.attraction","pk":791,"fields":{"attraction_name":"五元兩角"}},{"model":"members.attraction","pk":792,"fields":{"attraction_name":"武陵茶莊"}},{"model":"members.attraction","pk":793,"fields":{"attraction_name":"水里蛇窯"}},{"model":"members.attraction","pk":794,"fields":{"attraction_name":"鳳凰自然教育園區(台大茶園)"}},{"model":"members.attraction","pk":795,"fields":{"attraction_name":"義大世界"}},{"model":"members.attraction","pk":796,"fields":{"attraction_name":"日式宿舍群"}},{"model":"members.attraction","pk":797,"fields":{"attraction_name":"台中港三井Outlet Park"}},{"model":"members.attraction","pk":798,"fields":{"attraction_name":"明池山莊"}},{"model":"members.attraction","pk":799,"fields":{"attraction_name":"半天寮好望角"}},{"model":"members.attraction","pk":800,"fields":{"attraction_name":"虎山巖賞李花"}},{"model":"members.attraction","pk":801,"fields":{"attraction_name":"烈嶼"}},{"model":"members.attraction","pk":802,"fields":{"attraction_name":"九芎湖步道"}},{"model":"members.attraction","pk":803,"fields":{"attraction_name":"奮起湖"}},{"model":"members.attraction","pk":804,"fields":{"attraction_name":"枋寮可茵山可可莊園"}},{"model":"members.attraction","pk":805,"fields":{"attraction_name":"大樹舊鳳梨工廠(泰芳鳳梨會社)"}},{"model":"members.attraction","pk":806,"fields":{"attraction_name":"外傘頂洲"}},{"model":"members.attraction","pk":807,"fields":{"attraction_name":"大花玫瑰休閒農場"}},{"model":"members.attraction","pk":808,"fields":{"attraction_name":"將軍堡"}},{"model":"members.attraction","pk":809,"fields":{"attraction_name":"明德水庫"}},{"model":"members.attraction","pk":810,"fields":{"attraction_name":"虎爺溫泉會館"}},{"model":"members.attraction","pk":811,"fields":{"attraction_name":"長埤湖風景區"}},{"model":"members.attraction","pk":812,"fields":{"attraction_name":"內洞森林遊樂區"}},{"model":"members.attraction","pk":813,"fields":{"attraction_name":"雲中街生活聚落文創園區"}},{"model":"members.attraction","pk":814,"fields":{"attraction_name":"安平劍獅埕"}},{"model":"members.attraction","pk":815,"fields":{"attraction_name":"後龍百年石滬"}},{"model":"members.attraction","pk":816,"fields":{"attraction_name":"太麻里火車站"}},{"model":"members.attraction","pk":817,"fields":{"attraction_name":"\u200b基隆嶼(三合一：登島/登塔/繞島)"}},{"model":"members.attraction","pk":818,"fields":{"attraction_name":"二崁傳統聚落"}},{"model":"members.attraction","pk":819,"fields":{"attraction_name":"芳苑海空步道"}},{"model":"members.attraction","pk":820,"fields":{"attraction_name":"張雨生故事館"}},{"model":"members.attraction","pk":821,"fields":{"attraction_name":"東管處"}},{"model":"members.attraction","pk":822,"fields":{"attraction_name":"林口三井 OUTLET"}},{"model":"members.attraction","pk":823,"fields":{"attraction_name":"悟饕池上飯包文化故事館"}},{"model":"members.attraction","pk":824,"fields":{"attraction_name":"秀妹果園(採橘子)"}},{"model":"members.attraction","pk":825,"fields":{"attraction_name":"馬港天后宮"}},{"model":"members.attraction","pk":826,"fields":{"attraction_name":"向陽農場"}},{"model":"members.attraction","pk":827,"fields":{"attraction_name":"隙頂二延平"}},{"model":"members.attraction","pk":828,"fields":{"attraction_name":"新營糖廠"}},{"model":"members.attraction","pk":829,"fields":{"attraction_name":"清泉吊橋"}},{"model":"members.attraction","pk":830,"fields":{"attraction_name":"華源椰林大道"}},{"model":"members.attraction","pk":831,"fields":{"attraction_name":"坪林親水吊橋"}},{"model":"members.attraction","pk":832,"fields":{"attraction_name":"農田水利文物陳列館"}},{"model":"members.attraction","pk":833,"fields":{"attraction_name":"東勢客家文化園區"}},{"model":"members.attraction","pk":834,"fields":{"attraction_name":"司法博物館"}},{"model":"members.attraction","pk":835,"fields":{"attraction_name":"大稻埕"}},{"model":"members.attraction","pk":836,"fields":{"attraction_name":"烏來老街"}},{"model":"members.attraction","pk":837,"fields":{"attraction_name":"老塘湖藝術村"}},{"model":"members.attraction","pk":838,"fields":{"attraction_name":"花露農場 Flower Home"}},{"model":"members.attraction","pk":839,"fields":{"attraction_name":"阿里山日出"}},{"model":"members.attraction","pk":840,"fields":{"attraction_name":"望龍埤"}},{"model":"members.attraction","pk":841,"fields":{"attraction_name":"麟山鼻步道"}},{"model":"members.attraction","pk":842,"fields":{"attraction_name":"峨眉湖綠能電動遊艇"}},{"model":"members.attraction","pk":843,"fields":{"attraction_name":"阿里山園區行程"}},{"model":"members.attraction","pk":844,"fields":{"attraction_name":"新竹市立動物園"}},{"model":"members.attraction","pk":845,"fields":{"attraction_name":"經武酒窖"}},{"model":"members.attraction","pk":846,"fields":{"attraction_name":"鄭漢步道"}},{"model":"members.attraction","pk":847,"fields":{"attraction_name":"梧棲漁港"}},{"model":"members.attraction","pk":848,"fields":{"attraction_name":"樂灣糧倉園區"}},{"model":"members.attraction","pk":849,"fields":{"attraction_name":"西螺老街"}},{"model":"members.attraction","pk":850,"fields":{"attraction_name":"高雄美術館"}},{"model":"members.attraction","pk":851,"fields":{"attraction_name":"新科紅龍果園 火龍果"}},{"model":"members.attraction","pk":852,"fields":{"attraction_name":"坤坵沙灘"}},{"model":"members.attraction","pk":853,"fields":{"attraction_name":"二林農會台灣酒窖"}},{"model":"members.attraction","pk":854,"fields":{"attraction_name":"埔里鳥居喫茶食堂"}},{"model":"members.attraction","pk":855,"fields":{"attraction_name":"金門酒廠"}},{"model":"members.attraction","pk":856,"fields":{"attraction_name":"金城武樹"}},{"model":"members.attraction","pk":857,"fields":{"attraction_name":"新寮瀑布步道"}},{"model":"members.attraction","pk":858,"fields":{"attraction_name":"勇士堡"}},{"model":"members.attraction","pk":859,"fields":{"attraction_name":"赤崁樓"}},{"model":"members.attraction","pk":860,"fields":{"attraction_name":"玄光寺"}},{"model":"members.attraction","pk":861,"fields":{"attraction_name":"獅潭鐘樓古道"}},{"model":"members.attraction","pk":862,"fields":{"attraction_name":"水雲吊橋"}},{"model":"members.attraction","pk":863,"fields":{"attraction_name":"羅寶田神父紀念園區"}},{"model":"members.attraction","pk":864,"fields":{"attraction_name":"鳳凰谷鳥園"}},{"model":"members.attraction","pk":865,"fields":{"attraction_name":"南竿"}},{"model":"members.attraction","pk":866,"fields":{"attraction_name":"花蓮糖廠"}},{"model":"members.attraction","pk":867,"fields":{"attraction_name":"棧貳庫KW2"}},{"model":"members.attraction","pk":868,"fields":{"attraction_name":"舊山線鐵道自行車"}},{"model":"members.attraction","pk":869,"fields":{"attraction_name":"力麗馬告生態園區"}},{"model":"members.attraction","pk":870,"fields":{"attraction_name":"大溪老街"}},{"model":"members.attraction","pk":871,"fields":{"attraction_name":"梅山口/梅山遊客中心"}},{"model":"members.attraction","pk":872,"fields":{"attraction_name":"梨園寮車站"}},{"model":"members.attraction","pk":873,"fields":{"attraction_name":"水火同源"}},{"model":"members.attraction","pk":874,"fields":{"attraction_name":"十鼓仁糖文創園區"}},{"model":"members.attraction","pk":875,"fields":{"attraction_name":"射日塔"}},{"model":"members.attraction","pk":876,"fields":{"attraction_name":"光榮碼頭"}},{"model":"members.attraction","pk":877,"fields":{"attraction_name":"高雄燈塔"}},{"model":"members.attraction","pk":878,"fields":{"attraction_name":"紙箱王創意園區(大坑店)"}},{"model":"members.attraction","pk":879,"fields":{"attraction_name":"Xpark水族館"}},{"model":"members.attraction","pk":880,"fields":{"attraction_name":"南方澳"}},{"model":"members.attraction","pk":881,"fields":{"attraction_name":"蘆竹湳古厝"}},{"model":"members.attraction","pk":882,"fields":{"attraction_name":"都歷遊客中心"}},{"model":"members.attraction","pk":883,"fields":{"attraction_name":"仁義湖"}},{"model":"members.attraction","pk":884,"fields":{"attraction_name":"永安老街"}},{"model":"members.attraction","pk":885,"fields":{"attraction_name":"里天后宮"}},{"model":"members.attraction","pk":886,"fields":{"attraction_name":"草莓文化館"}},{"model":"members.attraction","pk":887,"fields":{"attraction_name":"淡水紅樹林生態步道"}},{"model":"members.attraction","pk":888,"fields":{"attraction_name":"蘭嶼"}},{"model":"members.attraction","pk":889,"fields":{"attraction_name":"台灣玻璃館"}},{"model":"members.attraction","pk":890,"fields":{"attraction_name":"郭元益糕餅博物館-桃園楊梅館~糕餅DIY體驗"}},{"model":"members.attraction","pk":891,"fields":{"attraction_name":"東港東隆宮"}},{"model":"members.attraction","pk":892,"fields":{"attraction_name":"養蜂人家蜂采館"}},{"model":"members.attraction","pk":893,"fields":{"attraction_name":"台江學園水上屋"}},{"model":"members.attraction","pk":894,"fields":{"attraction_name":"司馬庫斯"}},{"model":"members.attraction","pk":895,"fields":{"attraction_name":"廈門黃金海岸"}},{"model":"members.attraction","pk":896,"fields":{"attraction_name":"太魯閣"}},{"model":"members.attraction","pk":897,"fields":{"attraction_name":"台南孔廟"}},{"model":"members.attraction","pk":898,"fields":{"attraction_name":"又一村文創園區"}},{"model":"members.attraction","pk":899,"fields":{"attraction_name":"北山古洋樓"}},{"model":"members.attraction","pk":900,"fields":{"attraction_name":"苗栗特色館"}},{"model":"members.attraction","pk":901,"fields":{"attraction_name":"涼山瀑布"}},{"model":"members.attraction","pk":902,"fields":{"attraction_name":"紅葉公園"}},{"model":"members.attraction","pk":903,"fields":{"attraction_name":"虎尾鐵橋"}},{"model":"members.attraction","pk":904,"fields":{"attraction_name":"三隻小豬觀光農場"}},{"model":"members.attraction","pk":905,"fields":{"attraction_name":"初咪體驗農場"}},{"model":"members.attraction","pk":906,"fields":{"attraction_name":"嘉義東市場"}},{"model":"members.attraction","pk":907,"fields":{"attraction_name":"安妮公主花園"}},{"model":"members.attraction","pk":908,"fields":{"attraction_name":"太興岩景觀茶園步道"}},{"model":"members.attraction","pk":909,"fields":{"attraction_name":"南方莊園渡假飯店"}},{"model":"members.attraction","pk":910,"fields":{"attraction_name":"桃園楊梅雅聞魅力博覽館"}},{"model":"members.attraction","pk":911,"fields":{"attraction_name":"范家愛玉園"}},{"model":"members.attraction","pk":912,"fields":{"attraction_name":"林投公園"}},{"model":"members.attraction","pk":913,"fields":{"attraction_name":"春田窯陶藝休閒渡假園"}},{"model":"members.attraction","pk":914,"fields":{"attraction_name":"虎頭埤風景區"}},{"model":"members.attraction","pk":915,"fields":{"attraction_name":"猴硐煤礦博物園區遊客服務中心"}},{"model":"members.attraction","pk":916,"fields":{"attraction_name":"彌陀漁港海岸光廊"}},{"model":"members.attraction","pk":917,"fields":{"attraction_name":"通霄神社"}},{"model":"members.attraction","pk":918,"fields":{"attraction_name":"永安漁港"}},{"model":"members.attraction","pk":919,"fields":{"attraction_name":"馬山三角堡"}},{"model":"members.attraction","pk":920,"fields":{"attraction_name":"臺灣客家茶文化館"}},{"model":"members.attraction","pk":921,"fields":{"attraction_name":"赤崁樓美食商圈"}},{"model":"members.attraction","pk":922,"fields":{"attraction_name":"日本移民村"}},{"model":"members.attraction","pk":923,"fields":{"attraction_name":"二崁聚落"}},{"model":"members.attraction","pk":924,"fields":{"attraction_name":"哨船頭遊艇碼頭"}},{"model":"members.attraction","pk":925,"fields":{"attraction_name":"布農部落"}},{"model":"members.attraction","pk":926,"fields":{"attraction_name":"鰲鼓溼地森林園區"}},{"model":"members.attraction","pk":927,"fields":{"attraction_name":"內惟埤文化園區"}},{"model":"members.attraction","pk":928,"fields":{"attraction_name":"大菓葉"}},{"model":"members.attraction","pk":929,"fields":{"attraction_name":"耶穌堂"}},{"model":"members.attraction","pk":930,"fields":{"attraction_name":"法鼓山農禪寺"}},{"model":"members.attraction","pk":931,"fields":{"attraction_name":"大呷麵本家"}},{"model":"members.attraction","pk":932,"fields":{"attraction_name":"卓也小屋『藍染手作DIY體驗』"}},{"model":"members.attraction","pk":933,"fields":{"attraction_name":"望古瀑布"}},{"model":"members.attraction","pk":934,"fields":{"attraction_name":"龍潭湖"}},{"model":"members.attraction","pk":935,"fields":{"attraction_name":"瑞春醬油觀光工廠"}},{"model":"members.attraction","pk":936,"fields":{"attraction_name":"池上天堂路"}},{"model":"members.attraction","pk":937,"fields":{"attraction_name":"梧棲文化出張所"}},{"model":"members.attraction","pk":938,"fields":{"attraction_name":"拉拉山神木步道"}},{"model":"members.attraction","pk":939,"fields":{"attraction_name":"亞典蛋糕密碼館"}},{"model":"members.attraction","pk":940,"fields":{"attraction_name":"馬崗漁港"}},{"model":"members.attraction","pk":941,"fields":{"attraction_name":"新化國家植物園(新化林場)"}},{"model":"members.attraction","pk":942,"fields":{"attraction_name":"鹿野梅花鹿公園"}},{"model":"members.attraction","pk":943,"fields":{"attraction_name":"大葉玄武岩"}},{"model":"members.attraction","pk":944,"fields":{"attraction_name":"清境高空觀景步道"}},{"model":"members.attraction","pk":945,"fields":{"attraction_name":"大湖酒莊"}},{"model":"members.attraction","pk":946,"fields":{"attraction_name":"澎湖古早味DIY體驗"}},{"model":"members.attraction","pk":947,"fields":{"attraction_name":"台中港"}},{"model":"members.attraction","pk":948,"fields":{"attraction_name":"日月潭伊達邵老街(原德化社)"}},{"model":"members.attraction","pk":949,"fields":{"attraction_name":"北海岸"}},{"model":"members.attraction","pk":950,"fields":{"attraction_name":"新社梯田"}},{"model":"members.attraction","pk":951,"fields":{"attraction_name":"台北101觀景台"}},{"model":"members.attraction","pk":952,"fields":{"attraction_name":"蘭楊蟹莊"}},{"model":"members.attraction","pk":953,"fields":{"attraction_name":"天送埤火車站"}},{"model":"members.attraction","pk":954,"fields":{"attraction_name":"星寶蔥體驗農場"}},{"model":"members.attraction","pk":955,"fields":{"attraction_name":"瓊林風獅爺"}},{"model":"members.attraction","pk":956,"fields":{"attraction_name":"新埔車站"}},{"model":"members.attraction","pk":957,"fields":{"attraction_name":"馬祖劍碑"}},{"model":"members.attraction","pk":958,"fields":{"attraction_name":"古寧頭戰史館"}},{"model":"members.attraction","pk":959,"fields":{"attraction_name":"新埔柿餅"}},{"model":"members.attraction","pk":960,"fields":{"attraction_name":"鹿港民俗文物館"}},{"model":"members.attraction","pk":961,"fields":{"attraction_name":"寶山水庫"}},{"model":"members.attraction","pk":962,"fields":{"attraction_name":"北門車站"}},{"model":"members.attraction","pk":963,"fields":{"attraction_name":"朴子水道頭文創聚落"}},{"model":"members.attraction","pk":964,"fields":{"attraction_name":"苑裡彩繪稻田"}},{"model":"members.attraction","pk":965,"fields":{"attraction_name":"北斗老街"}},{"model":"members.attraction","pk":966,"fields":{"attraction_name":"如邑堂餅家"}},{"model":"members.attraction","pk":967,"fields":{"attraction_name":"關西仙草博物館生態農場"}}]